,Name,Low Price,High Price
0,Sdxc-Sdhc Micro-Sd-Memory-Card Tablet/pc 16GB 8GB 32GB 64GB 128GB for Top-Quality,1.0,10.42
1,Tf-Card SHANDIAN 16GB Phones/camera Real-Capacity Class-10 8GB 4GB 32GB 64GB,2.2,16.11
2,Micro-Sd-Card Pen-Drive Smartphone-Adapter Usb-Flash High-Speed Class-10 32GB 16GB 8G,1.0,19.5
3,Sandisk SDHC Memory-Card Flash Carte SDXC Class-10 32GB 16GB 64GB 128GB,1.1,17.39
4,Micro-Sd-Card SDHC Mini Cartao-De-Memoria SDXC Class-10 16GB 8GB 32GB 64GB 128GB Tarjet,2.75,11.2
5,Kingston Memory-Card Carte Mobile-Phone SD UHS-I Class-4 16GB 8GB 32GB 64GB,3.31,17.52
6,HIKVISION HikStorage Micro SD Card Class10 8g...,3.69,41.69
7,SanDisk Micro SD Card 16GB 32GB MicroSDHC Mem...,3.99,79.99
8,ORICO Micro sd Card Memory Card 256GB 128GB 6...,4.17,34.03
9,Micro SD TF Card 8GB 16GB 32GB 64GB 128GB 256...,3.29,15.98
10,AEGO U3 Memory Card 256GB 128GB 64GB 95MB/S 3...,3.47,31.76
11,Sdxc-Sdhc Micro-Sd-Memory-Card Tablet/pc 16GB 8GB 32GB 64GB 128GB for Top-Quality,1.0,10.42
12,Tf-Card SHANDIAN 16GB Phones/camera Real-Capacity Class-10 8GB 4GB 32GB 64GB,2.2,16.11
13,Micro-Sd-Card Pen-Drive Smartphone-Adapter Usb-Flash High-Speed Class-10 32GB 16GB 8G,1.0,19.5
14,Sandisk SDHC Memory-Card Flash Carte SDXC Class-10 32GB 16GB 64GB 128GB,1.1,17.39
15,Micro-Sd-Card SDHC Mini Cartao-De-Memoria SDXC Class-10 16GB 8GB 32GB 64GB 128GB Tarjet,2.75,11.2
16,Kingston Memory-Card Carte Mobile-Phone SD UHS-I Class-4 16GB 8GB 32GB 64GB,3.31,17.52
17,HIKVISION HikStorage Micro SD Card Class10 8g...,3.69,41.69
18,SanDisk Micro SD Card 16GB 32GB MicroSDHC Mem...,3.99,79.99
19,ORICO Micro sd Card Memory Card 256GB 128GB 6...,4.17,34.03
20,Micro SD TF Card 8GB 16GB 32GB 64GB 128GB 256...,3.29,15.98
21,AEGO U3 Memory Card 256GB 128GB 64GB 95MB/S 3...,3.47,31.76
